{
  "model_name": "EfficientNet-B0",
  "dataset": "HAM10000",
  "config": {
    "model_name": "EfficientNet-B0",
    "batch_size": 32,
    "num_epochs": 100,
    "learning_rate": 0.001,
    "weight_decay": 0.0001,
    "patience": 15,
    "target_accuracy": 98.0,
    "image_size": 224,
    "pretrained": true
  },
  "best_validation_accuracy": 88.74833555259654,
  "final_test_accuracy": 88.22355289421158,
  "class_names": [
    "akiec",
    "bcc",
    "bkl",
    "df",
    "mel",
    "nv",
    "vasc"
  ],
  "training_history": {
    "train_loss": [
      1.4855639758435162,
      1.2439267314293168,
      1.0562556197697466,
      0.928642464293675,
      0.9125514241782102,
      0.8014493988318877,
      0.8078095492991534,
      0.7605832011184909,
      0.7069600905207071,
      0.7276632824404673,
      0.6686133204536004,
      0.605057159641927,
      0.5014602608640085,
      0.4253193689340895,
      0.3793334701860493,
      0.35994419448755005,
      0.40963215370747175,
      0.3409360390833833,
      0.3464258905076845,
      0.32595617337660354,
      0.28887636018070306,
      0.2849108785898848,
      0.2699171543967995,
      0.27515544806691733,
      0.2502341236072508,
      0.2663971576331691,
      0.23821720868687737,
      0.2277866919143972,
      0.19241215999830852,
      0.22105853091502053,
      0.17406378658488392,
      0.14588811211711303,
      0.122241268878464,
      0.12886555716818707,
      0.16177106216253542,
      0.09896018361164764,
      0.16317904719088058,
      0.1319033560152589,
      0.10100414272164926,
      0.09656636530469934,
      0.08627127831568941,
      0.07766246058692394,
      0.09932711957848038,
      0.08077874243449927,
      0.09014113662891429,
      0.14916749228194187,
      0.06863060405276801,
      0.07081117107987997,
      0.03940454333099875,
      0.04819392905271591,
      0.05432158286123674,
      0.044316438483127225,
      0.04343322796379322,
      0.04095325064737071,
      0.05264942810476483,
      0.04449197038662863,
      0.06613692510436522,
      0.04751405851801048,
      0.06086611468553284,
      0.06220031409148677,
      0.03496666913177416,
      0.030378199059553232,
      0.029804765117098047,
      0.053758471440497405,
      0.05231552209873123,
      0.06307718272688692,
      0.09797717251197106,
      0.03289853121985454,
      0.027831213222155135,
      0.03404619040239512
    ],
    "train_acc": [
      52.69614835948645,
      58.00285306704708,
      63.33808844507846,
      65.59201141226819,
      66.31954350927246,
      68.34522111269615,
      69.25820256776034,
      70.57061340941512,
      70.5848787446505,
      72.56776034236805,
      72.85306704707561,
      74.05135520684736,
      77.80313837375178,
      79.27246790299571,
      80.25677603423681,
      81.2981455064194,
      81.45506419400856,
      82.39657631954351,
      83.32382310984308,
      83.60912981455064,
      84.0228245363766,
      84.39372325249643,
      84.95007132667618,
      86.30527817403708,
      87.18972895863052,
      87.4037089871612,
      87.71754636233952,
      87.83166904422254,
      88.81597717546363,
      88.80171184022825,
      91.12696148359487,
      92.15406562054208,
      92.78174037089872,
      93.03851640513552,
      93.65192582025678,
      93.86590584878745,
      93.90870185449359,
      93.59486447931526,
      94.57917261055634,
      94.27960057061341,
      94.87874465049929,
      95.0641940085592,
      95.29243937232525,
      95.4493580599144,
      95.69186875891583,
      95.66333808844507,
      95.848787446505,
      96.70470756062767,
      97.30385164051356,
      97.34664764621968,
      97.57489300998573,
      97.57489300998573,
      97.80313837375178,
      97.7888730385164,
      97.7318116975749,
      98.17403708987162,
      98.07417974322397,
      97.81740370898716,
      97.76034236804566,
      98.08844507845934,
      98.10271041369472,
      98.35948644793153,
      98.41654778887303,
      98.61626248216834,
      98.60199714693296,
      98.74465049928673,
      98.73038516405136,
      98.6305278174037,
      98.85877318116975,
      98.9586305278174
    ],
    "val_loss": [
      1.15920493894435,
      0.8779198083471744,
      1.1286960504156478,
      0.956543411980284,
      1.063370815616973,
      0.7191700000078121,
      0.7230982983365972,
      0.7085222265821822,
      0.8261714111617271,
      0.7676061322080329,
      0.7772873123275473,
      0.7879923765963697,
      0.6336569275627745,
      0.7324902551605347,
      0.7293172037981926,
      0.7403390442437314,
      0.8192331156832107,
      0.780151644602735,
      0.7419943177002541,
      0.7416077021588671,
      0.8556272054606295,
      0.8100959598384005,
      0.8353836964419548,
      0.7505898076169034,
      0.8125459079412704,
      0.9562460482120514,
      0.7545311722032567,
      1.0330625585419067,
      0.9247046149474509,
      1.0504495441279513,
      0.9959741704007412,
      0.9146980281839979,
      1.2045437568362722,
      1.2190666490016466,
      1.3124695458310716,
      1.1998902987292472,
      1.5051135592004086,
      1.1890335961225185,
      1.1046658423828317,
      1.364601148807622,
      1.1870281647177452,
      1.4512510762569752,
      1.382520045213243,
      1.4559021791086553,
      1.240276572076564,
      1.5592733892671606,
      1.2604529264363202,
      1.3691988821993484,
      1.3743696540911148,
      1.403757535119323,
      1.2128414094765136,
      1.6294986497848591,
      1.5072986193476838,
      1.497164745607037,
      1.5050809101617717,
      1.5134308858517003,
      1.6497882617082684,
      1.5293702049220497,
      1.6654360105699682,
      1.7648403073878998,
      1.6402891677348537,
      1.6209837055190446,
      1.6672405282709193,
      1.6791930718030383,
      1.6935113103505461,
      1.6956200663475913,
      1.778576282586189,
      1.5769097925599744,
      1.7988456752785342,
      1.6256168721778754
    ],
    "val_acc": [
      57.72303595206392,
      62.383488681757655,
      62.71637816245007,
      70.23968042609853,
      61.8508655126498,
      78.22902796271637,
      72.10386151797603,
      74.63382157123834,
      73.83488681757656,
      69.50732356857523,
      67.90945406125167,
      78.09587217043942,
      76.76431424766977,
      81.35818908122504,
      78.96138482023969,
      83.08921438082557,
      81.62450066577897,
      82.29027962716378,
      84.02130492676432,
      80.49267643142477,
      80.09320905459387,
      83.6884154460719,
      81.75765645805592,
      85.219707057257,
      82.35685752330227,
      83.95472703062583,
      82.62316910785619,
      84.88681757656458,
      82.9560585885486,
      85.08655126498003,
      85.08655126498003,
      84.22103861517976,
      86.2849533954727,
      85.219707057257,
      85.88548601864181,
      85.61917443408788,
      85.75233022636485,
      85.88548601864181,
      86.6844207723036,
      86.75099866844208,
      87.35019973368841,
      86.01864181091878,
      86.08521970705726,
      86.75099866844208,
      87.28362183754993,
      86.55126498002663,
      86.95073235685753,
      87.48335552596538,
      87.48335552596538,
      87.94940079893475,
      88.61517976031958,
      88.08255659121171,
      88.1491344873502,
      88.28229027962716,
      88.74833555259654,
      88.34886817576565,
      88.41544607190413,
      87.94940079893475,
      87.48335552596538,
      87.54993342210386,
      87.54993342210386,
      87.8162450066578,
      87.21704394141145,
      87.35019973368841,
      88.34886817576565,
      88.34886817576565,
      87.94940079893475,
      88.34886817576565,
      87.61651131824235,
      88.28229027962716
    ],